,Metrics,MobileNetV3 Small Tuned,MobileNetV3 Large Tuned,NASNetMobile Tuned,EfficientNetV2B0 Tuned,DenseNet121 Tuned,ResNet50 Tuned,ResNet50V2 Tuned,InceptionV3 Tuned,Xception Tuned,InceptionResNetV2 Tuned,VGG16 Tuned
0,Accuracy,0.9986373369671014,0.9996106677048862,0.9766400622931672,0.9998053338524431,0.9869573681136851,0.9980533385244306,0.7747712672766206,0.9423788203231458,0.9785867237687366,0.5250145999610668,0.996690675491532
1,Precision,0.9995893223819302,0.9995901639344262,0.9757998359310911,0.9995903318312167,0.9840881272949816,0.9979508196721312,0.9885757806549885,0.9091603053435114,0.9862270450751253,0.0,0.9979449239621866
2,Recall,0.9975409836065574,0.9995901639344262,0.975,1.0,0.9885245901639345,0.9979508196721312,0.5319672131147541,0.9762295081967213,0.9684426229508196,0.0,0.9950819672131147
3,F1Score,0.9985641025641026,0.9995901639344262,0.97539975399754,0.9997951239500102,0.9863013698630138,0.9979508196721312,0.6917132960298428,0.941501976284585,0.977253928866832,0.0,0.9965113892879129
4,ROC AUC,0.9985851006278986,0.9996096907918329,0.976561920652577,0.9998146088246199,0.9870320392421452,0.9980484539591653,0.7632027389266763,0.9439916543579082,0.9781034026878681,0.5,0.996614027729657
